MinvonTime_Start_Number,MaxvonTime_End_Number,Time
10.03,18.18,16.63
9.96,17.99,13.83
9.96,17.99,13.64
9.96,17.99,15.43
9.96,17.99,14.19
9.96,17.99,14.64
10.03,18.18,12.34
9.96,17.99,11.52
9.96,17.99,11.90
9.96,17.99,13.67
9.96,17.99,15.29
9.96,17.99,14.09
9.96,17.99,16.86
9.96,17.99,14.14
9.96,17.99,14.12
9.96,17.99,13.87
9.96,17.99,13.78
9.96,17.99,15.61
10.03,18.18,16.02
10.03,18.18,16.10
10.03,18.18,18.14
10.03,18.18,16.37
10.03,18.18,16.51
9.96,17.99,10.43
10.18,17.40,13.74
9.96,17.99,11.36
9.96,17.99,14.21
9.96,17.99,15.48
9.96,17.99,17.82
9.96,17.99,16.01
9.96,17.99,14.67
9.96,17.99,14.37
9.96,17.99,11.90
9.96,17.99,14.09
9.96,17.99,13.92
9.96,17.99,13.65
9.96,17.99,13.18
9.96,17.99,10.41
9.93,17.62,16.34
10.18,17.40,10.34
10.18,17.40,17.21
10.18,17.40,14.76
10.18,17.40,11.95
10.18,17.40,12.97
9.93,17.62,17.57
9.93,17.62,17.29
9.93,17.62,16.65
10.18,17.40,12.62
9.93,17.62,15.82
10.18,17.40,14.75
10.03,18.18,12.32
10.03,18.18,13.84
9.93,17.62,15.16
9.93,17.62,15.03
9.93,17.62,10.11
9.93,17.62,13.04
9.93,17.62,14.04
9.93,17.62,13.98
9.93,17.62,16.47
9.96,17.99,15.45
9.96,17.99,11.00
9.96,17.99,10.82
9.96,17.99,10.52
9.96,17.99,14.84
9.96,17.99,13.35
9.96,17.99,17.83
9.96,17.99,17.43
9.96,17.99,15.96
10.18,17.40,11.94
9.96,17.99,15.55
10.18,17.40,14.63
9.96,17.99,10.20
10.18,17.40,12.59
10.18,17.40,10.60
10.18,17.40,12.72
10.18,17.40,10.70
10.18,17.40,17.23
10.18,17.40,16.68
10.18,17.40,15.22
9.96,17.99,11.21
9.96,17.99,15.75
10.03,18.18,13.86
10.03,18.18,15.39
9.84,18.06,14.56
9.84,18.06,14.53
9.84,18.06,14.15
9.84,18.06,13.90
9.84,18.06,13.85
9.84,18.06,15.01
9.84,18.06,13.80
9.84,18.06,12.14
9.84,18.06,14.11
9.84,18.06,14.84
10.03,18.18,14.13
10.03,18.18,15.93
10.03,18.18,16.73
10.03,18.18,12.35
10.03,18.18,12.65
10.03,18.18,14.54
10.03,18.18,14.82
10.03,18.18,13.94
9.84,18.06,13.69
9.84,18.06,12.67
9.84,18.06,12.32
9.84,18.06,13.54
9.86,18.01,11.67
9.93,17.62,14.29
9.84,18.06,16.70
9.84,18.06,16.40
9.84,18.06,12.85
9.84,18.06,12.72
9.84,18.06,15.04
9.84,18.06,12.68
10.03,18.18,15.81
9.84,18.06,13.56
9.84,18.06,12.62
9.84,18.06,12.19
9.84,18.06,12.30
9.84,18.06,15.06
9.84,18.06,12.17
9.84,18.06,12.10
9.84,18.06,12.64
9.84,18.06,12.70
10.03,18.18,11.92
10.03,18.18,15.04
10.03,18.18,10.77
10.03,18.18,10.56
10.03,18.18,12.97
10.03,18.18,10.23
10.03,18.18,10.55
10.03,18.18,10.81
10.03,18.18,11.07
10.03,18.18,11.55
10.03,18.18,11.65
10.03,18.18,11.62
10.03,18.18,12.08
10.03,18.18,12.20
10.03,18.18,12.24
10.03,18.18,10.15
10.03,18.18,15.46
10.03,18.18,17.95
10.03,18.18,17.45
10.03,18.18,16.95
10.03,18.18,11.40
10.03,18.18,13.09
10.03,18.18,15.84
10.03,18.18,16.81
10.03,18.18,18.09
10.03,18.18,16.50
10.03,18.18,15.33
10.03,18.18,14.96
10.03,18.18,14.82
10.03,18.18,14.68
10.03,18.18,11.37
10.03,18.18,13.31
10.03,18.18,16.76
10.03,18.18,13.01
10.03,18.18,15.77
10.03,18.18,12.61
10.03,18.18,12.20
10.03,18.18,12.18
10.03,18.18,12.06
10.03,18.18,11.91
10.03,18.18,11.76
10.03,18.18,13.80
9.86,18.01,14.26
9.86,18.01,10.95
9.86,18.01,10.15
9.86,18.01,10.46
9.86,18.01,10.82
9.86,18.01,14.07
9.86,18.01,15.24
9.86,18.01,14.90
9.86,18.01,12.92
9.86,18.01,14.28
9.86,18.01,11.95
9.86,18.01,12.59
9.86,18.01,14.09
9.86,18.01,13.96
9.86,18.01,13.55
9.86,18.01,13.53
9.86,18.01,13.38
9.86,18.01,13.35
9.86,18.01,10.62
9.86,18.01,14.47
9.86,18.01,15.41
9.86,18.01,16.02
9.86,18.01,16.31
9.86,18.01,17.25
9.86,18.01,16.48
9.86,18.01,17.63
9.86,18.01,16.54
9.86,18.01,16.66
9.86,18.01,16.70
9.86,18.01,10.99
9.86,18.01,17.18
9.86,18.01,11.58
9.86,18.01,17.53
9.86,18.01,16.41
9.86,18.01,11.44
9.86,18.01,12.50
9.86,18.01,12.47
9.86,18.01,12.14
9.86,18.01,11.97
9.86,18.01,12.84
9.86,18.01,14.38
9.86,18.01,16.62
9.86,18.01,10.82
9.86,18.01,17.08
9.86,18.01,11.54
9.86,18.01,17.13
9.86,18.01,11.73
9.86,18.01,12.04
9.86,18.01,12.08
9.86,18.01,13.17
9.86,18.01,17.97
9.86,18.01,14.14
9.86,18.01,11.50
9.86,18.01,14.53
9.86,18.01,14.37
9.86,18.01,14.46
9.84,18.06,16.48
10.63,18.00,14.85
9.86,18.01,14.82
9.86,18.01,14.74
9.86,18.01,12.33
9.86,18.01,14.17
9.86,18.01,15.36
9.86,18.01,14.14
9.86,18.01,17.03
9.86,18.01,17.13
9.86,18.01,16.67
9.86,18.01,12.49
9.86,18.01,12.65
9.86,18.01,12.70
9.86,18.01,10.46
9.86,18.01,12.82
9.86,18.01,10.11
9.86,18.01,17.63
9.86,18.01,13.41
9.86,18.01,13.53
9.86,18.01,13.93
9.86,18.01,13.96
9.86,18.01,14.01
9.86,18.01,14.06
9.86,18.01,15.72
9.86,18.01,12.71
9.81,17.89,14.33
9.81,17.89,17.35
9.81,17.89,17.14
9.81,17.89,17.03
9.81,17.89,16.78
9.81,17.89,16.64
9.81,17.89,16.54
9.81,17.89,11.53
9.86,18.01,15.93
9.81,17.89,15.73
9.81,17.89,10.15
9.81,17.89,14.50
9.81,17.89,14.66
9.81,17.89,14.90
9.81,17.89,15.34
9.81,17.89,16.57
9.81,17.89,13.90
9.81,17.89,10.58
9.81,17.89,11.27
9.81,17.89,15.78
9.93,17.62,12.24
9.93,17.62,11.52
9.93,17.62,10.25
9.93,17.62,11.11
9.93,17.62,14.54
9.93,17.62,14.84
9.93,17.62,14.52
9.93,17.62,13.40
9.93,17.62,16.39
9.81,17.89,17.37
9.93,17.62,12.87
9.81,17.89,17.67
9.93,17.62,10.12
9.93,17.62,14.89
9.93,17.62,14.29
9.81,17.89,9.89
9.81,17.89,16.30
9.81,17.89,10.76
9.81,17.89,10.47
9.81,17.89,12.33
9.93,17.62,13.04
9.86,18.01,17.88
9.81,17.89,11.55
9.81,17.89,14.70
9.81,17.89,15.13
9.81,17.89,16.49
9.81,17.89,16.28
9.81,17.89,16.13
9.81,17.89,16.08
9.81,17.89,16.06
9.81,17.89,15.90
9.86,18.01,17.73
9.81,17.89,13.94
9.86,18.01,17.94
9.86,18.01,16.41
9.86,18.01,16.15
9.86,18.01,15.81
9.86,18.01,15.69
9.86,18.01,16.50
9.86,18.01,15.52
9.93,17.62,13.27
9.81,17.89,15.96
9.81,17.89,14.01
9.86,18.01,15.83
9.81,17.89,12.44
9.81,17.89,12.96
9.81,17.89,11.40
9.81,17.89,12.60
9.81,17.89,11.72
9.81,17.89,11.91
9.81,17.89,12.41
9.81,17.89,15.69
9.81,17.89,13.83
9.81,17.89,11.83
9.81,17.89,11.52
9.81,17.89,12.09
9.81,17.89,15.82
9.81,17.89,14.49
9.81,17.89,14.40
9.81,17.89,14.21
9.81,17.89,15.64
9.81,17.89,17.92
9.81,17.89,12.96
11.00,18.05,11.26
10.63,18.00,15.15
10.63,18.00,14.18
11.00,18.05,17.09
11.00,18.05,16.15
11.00,18.05,15.84
11.00,18.05,14.77
11.00,18.05,14.20
11.00,18.05,14.23
11.00,18.05,11.01
10.63,18.00,13.52
11.00,18.05,11.66
11.00,18.05,12.08
11.00,18.05,14.77
11.00,18.05,17.78
11.00,18.05,11.38
11.00,18.05,17.73
11.00,18.05,17.53
10.75,19.34,11.25
11.00,18.05,13.53
10.63,18.00,17.85
10.63,18.00,15.62
10.63,18.00,11.07
10.63,18.00,15.35
10.63,18.00,17.88
10.63,18.00,16.13
10.63,18.00,16.46
10.63,18.00,16.47
10.63,18.00,16.79
10.63,18.00,15.13
10.63,18.00,16.91
10.63,18.00,13.65
10.63,18.00,11.07
10.63,18.00,11.45
10.63,18.00,11.77
10.63,18.00,12.81
10.63,18.00,13.08
10.63,18.00,13.20
10.63,18.00,11.36
11.00,18.05,11.66
10.63,18.00,16.81
10.75,19.34,13.35
9.64,17.55,17.20
9.64,17.55,16.59
10.75,19.34,19.09
10.75,19.34,14.32
10.75,19.34,14.17
10.75,19.34,13.94
10.75,19.34,13.83
11.00,18.05,14.49
10.75,19.34,13.50
9.64,17.55,11.43
10.75,19.34,15.43
10.75,19.34,12.82
10.75,19.34,12.12
10.75,19.34,12.04
10.75,19.34,11.51
10.75,19.34,11.24
10.75,19.34,16.81
11.00,18.05,16.93
10.75,19.34,13.56
9.64,17.55,14.25
11.00,18.05,16.78
9.64,17.55,12.48
9.64,17.55,12.83
9.64,17.55,13.92
9.64,17.55,14.69
9.64,17.55,11.10
9.64,17.55,10.94
9.64,17.55,10.71
9.64,17.55,13.09
9.64,17.55,9.78
9.64,17.55,12.79
9.64,17.55,13.71
9.64,17.55,9.73
9.64,17.55,9.74
9.64,17.55,10.47
9.64,17.55,10.75
9.64,17.55,10.92
9.64,17.55,17.55
10.63,18.00,15.46
9.64,17.55,10.06
9.82,18.07,13.93
9.82,18.07,14.20
9.82,18.07,14.03
9.82,18.07,13.22
9.82,18.07,13.44
9.82,18.07,13.53
9.82,18.07,13.61
9.82,18.07,13.87
10.63,18.00,15.54
9.82,18.07,13.06
9.82,18.07,17.86
9.82,18.07,13.10
9.82,18.07,12.46
9.82,18.07,12.01
9.82,18.07,11.98
9.82,18.07,11.24
9.82,18.07,11.19
9.82,18.07,11.10
9.82,18.07,12.75
9.82,18.07,15.56
9.58,18.53,13.76
9.93,16.50,14.34
9.86,18.01,14.54
9.58,18.53,15.09
9.58,18.53,14.93
9.58,18.53,14.56
9.58,18.53,14.54
9.58,18.53,14.49
9.58,18.53,14.46
9.82,18.07,14.23
9.58,18.53,15.17
9.82,18.07,17.83
9.58,18.53,15.90
9.58,18.53,16.20
9.58,18.53,13.83
9.58,18.53,16.30
9.58,18.53,13.64
9.58,18.53,13.50
9.58,18.53,13.48
9.82,18.07,17.19
9.58,18.53,13.42
9.82,18.07,14.45
9.82,18.07,16.14
9.82,18.07,15.17
9.82,18.07,14.66
9.82,18.07,14.28
9.82,18.07,14.13
9.82,18.07,16.97
9.82,18.07,13.68
9.82,18.07,13.56
9.82,18.07,15.76
9.82,18.07,14.35
9.82,18.07,16.25
9.82,18.07,15.21
9.82,18.07,15.36
9.82,18.07,15.38
9.82,18.07,15.72
9.82,18.07,14.21
9.82,18.07,17.52
10.63,18.00,15.42
10.75,19.34,11.06
9.82,18.07,14.26
9.82,18.07,11.43
10.63,18.00,15.49
9.82,18.07,13.05
9.82,18.07,17.57
9.82,18.07,15.93
9.82,18.07,18.03
9.82,18.07,15.89
9.82,18.07,11.25
9.82,18.07,11.28
9.82,18.07,15.47
9.82,18.07,11.40
9.82,18.07,16.92
9.82,18.07,11.49
9.82,18.07,11.52
9.82,18.07,11.76
9.82,18.07,11.82
9.82,18.07,12.44
9.82,18.07,12.76
9.82,18.07,12.74
9.82,18.07,14.00
9.82,18.07,11.37
9.84,18.06,10.40
9.84,18.06,11.55
9.84,18.06,11.41
9.84,18.06,11.20
9.84,18.06,15.11
9.84,18.06,10.88
9.84,18.06,12.64
9.84,18.06,10.83
9.84,18.06,14.09
9.84,18.06,10.45
9.84,18.06,14.92
9.84,18.06,10.36
9.84,18.06,10.29
9.84,18.06,10.26
9.84,18.06,11.04
9.84,18.06,13.73
9.84,18.06,14.82
9.84,18.06,14.56
10.75,19.34,12.13
9.84,18.06,10.61
9.84,18.06,17.04
9.84,18.06,15.50
9.84,18.06,15.27
9.84,18.06,15.21
9.84,18.06,15.92
9.84,18.06,17.43
9.84,18.06,10.84
9.84,18.06,10.80
9.84,18.06,10.72
9.84,18.06,12.32
9.84,18.06,10.05
9.84,18.06,9.86
9.84,18.06,17.07
9.84,18.06,17.39
9.84,18.06,17.37
9.84,18.06,17.33
9.84,18.06,17.28
9.84,18.06,17.25
9.84,18.06,17.23
9.84,18.06,14.03
9.84,18.06,10.07
9.84,18.06,17.23
9.84,18.06,15.53
9.84,18.06,15.40
9.84,18.06,15.31
9.84,18.06,15.21
9.84,18.06,15.11
9.84,18.06,15.75
9.84,18.06,18.06
9.84,18.06,14.12
9.84,18.06,17.27
9.84,18.06,16.37
9.84,18.06,17.17
9.84,18.06,17.06
9.84,18.06,16.11
9.84,18.06,16.67
9.84,18.06,16.24
9.84,18.06,16.60
9.84,18.06,16.58
9.84,18.06,16.56
9.84,18.06,17.30
9.84,18.06,15.69
9.84,18.06,12.46
9.84,18.06,13.84
9.84,18.06,12.60
9.84,18.06,13.70
9.84,18.06,13.43
9.84,18.06,13.29
9.84,18.06,13.24
9.84,18.06,12.85
9.84,18.06,15.61
9.84,18.06,13.88
9.84,18.06,15.63
9.84,18.06,16.06
9.84,18.06,16.04
9.84,18.06,17.30
9.84,18.06,15.94
9.84,18.06,10.96
9.84,18.06,15.79
9.84,18.06,15.72
9.84,18.06,10.88
9.84,18.06,15.07
12.81,18.56,15.16
10.75,19.34,18.48
10.75,19.34,13.47
10.75,19.34,15.53
10.75,19.34,14.51
10.75,19.34,14.66
10.75,19.34,14.99
10.75,19.34,15.45
9.84,18.06,15.73
12.81,18.56,15.57
10.75,19.34,15.97
12.81,18.56,15.06
12.81,18.56,15.03
12.81,18.56,14.96
12.81,18.56,14.66
12.81,18.56,14.44
12.81,18.56,14.25
12.81,18.56,17.34
12.81,18.56,14.17
12.81,18.56,14.27
10.75,19.34,17.07
10.75,19.34,11.03
10.75,19.34,19.37
10.75,19.34,14.13
10.75,19.34,17.04
10.75,19.34,16.75
10.75,19.34,16.37
10.75,19.34,16.34
10.75,19.34,16.23
10.75,19.34,14.05
10.75,19.34,15.61
10.75,19.34,15.66
10.75,19.34,17.15
10.75,19.34,13.87
10.75,19.34,19.34
10.75,19.34,19.19
10.75,19.34,17.31
10.75,19.34,16.95
10.75,19.34,16.28
12.81,18.56,18.00
10.75,19.34,15.98
12.81,18.56,17.37
12.81,18.56,18.49
12.81,18.56,17.51
12.81,18.56,15.00
12.81,18.56,17.30
12.81,18.56,13.36
12.81,18.56,16.89
12.81,18.56,16.58
12.81,18.56,15.79
12.81,18.56,13.20
12.81,18.56,15.56
12.81,18.56,14.35
12.81,18.56,13.69
9.84,18.06,15.76
9.84,18.06,16.32
9.84,18.06,16.28
9.84,18.06,16.02
9.84,18.06,15.99
9.84,18.06,15.95
9.84,18.06,16.50
12.81,18.56,15.59
12.81,18.56,14.52
9.84,18.06,17.17
12.81,18.56,17.72
12.81,18.56,13.92
12.81,18.56,15.72
12.81,18.56,16.30
12.81,18.56,16.19
12.81,18.56,15.79
12.81,18.56,17.21
12.81,18.56,17.71
12.81,18.56,14.59
12.81,18.56,18.30
12.81,18.56,15.22
12.81,18.56,14.31
12.81,18.56,15.36
12.81,18.56,14.02
12.81,18.56,13.99
12.81,18.56,13.30
12.81,18.56,13.25
12.81,18.56,13.23
12.81,18.56,14.87
9.92,17.59,18.97
9.92,17.59,16.41
9.92,17.59,17.22
9.92,17.59,15.97
9.92,17.59,16.91
9.92,17.59,17.05
9.92,17.59,19.03
9.92,17.59,18.25
9.35,17.44,16.78
9.92,17.59,19.01
9.92,17.59,17.46
9.92,17.59,18.91
9.92,17.59,18.90
9.92,17.59,19.16
9.35,17.44,16.31
9.35,17.44,11.46
9.35,17.44,13.34
9.35,17.44,12.41
9.73,18.06,12.82
9.92,17.59,19.08
9.92,17.59,17.27
9.92,17.59,11.18
9.92,17.59,11.86
9.92,17.59,11.30
9.92,17.59,11.42
9.92,17.59,11.44
9.92,17.59,11.47
9.92,17.59,11.59
9.92,17.59,16.03
9.92,17.59,16.33
9.92,17.59,15.94
9.92,17.59,16.85
9.92,17.59,17.31
9.92,17.59,17.32
9.92,17.59,17.41
9.92,17.59,17.20
9.92,17.59,17.18
9.92,17.59,18.90
9.92,17.59,19.03
9.35,17.44,14.47
9.92,17.59,10.91
9.35,17.44,12.86
9.35,17.44,10.86
9.35,17.44,10.42
9.35,17.44,10.30
9.35,17.44,9.70
9.35,17.44,9.58
9.35,17.44,15.47
9.35,17.44,14.52
9.35,17.44,10.40
9.35,17.44,11.14
9.35,17.44,12.63
9.35,17.44,14.54
9.35,17.44,14.36
9.35,17.44,13.45
9.35,17.44,14.00
9.35,17.44,13.86
9.35,17.44,14.17
9.35,17.44,14.57
9.93,16.50,15.35
9.35,17.44,15.18
9.35,17.44,15.51
9.35,17.44,14.86
9.35,17.44,16.98
9.35,17.44,16.69
9.35,17.44,15.60
9.35,17.44,14.36
9.35,17.44,14.97
9.35,17.44,13.89
9.35,17.44,14.53
9.35,17.44,11.65
9.35,17.44,14.40
9.35,17.44,11.86
9.35,17.44,14.18
9.35,17.44,12.55
9.35,17.44,12.53
9.35,17.44,12.37
9.35,17.44,12.32
9.35,17.44,12.16
9.35,17.44,11.98
9.92,17.59,10.76
9.35,17.44,13.46
9.92,17.59,13.69
11.37,18.01,14.59
9.92,17.59,11.60
9.92,17.59,18.62
9.92,17.59,15.84
9.92,17.59,15.51
9.92,17.59,15.48
9.92,17.59,15.37
9.92,17.59,10.84
9.92,17.59,14.51
11.37,18.01,16.46
9.92,17.59,15.91
9.92,17.59,11.08
9.92,17.59,19.15
9.92,17.59,10.30
9.92,17.59,10.55
9.92,17.59,10.79
9.92,17.59,13.11
9.92,17.59,11.05
9.92,17.59,15.22
11.37,18.01,14.11
11.37,18.01,18.35
11.37,18.01,14.69
11.37,18.01,12.25
11.37,18.01,12.26
11.37,18.01,12.37
11.37,18.01,12.60
11.37,18.01,13.44
11.37,18.01,13.48
11.37,18.01,17.28
11.37,18.01,13.92
11.37,18.01,16.79
11.37,18.01,14.61
11.37,18.01,11.77
11.37,18.01,15.03
11.37,18.01,15.33
11.37,18.01,15.36
11.37,18.01,16.20
11.37,18.01,16.26
9.92,17.59,11.43
11.37,18.01,13.68
9.92,17.59,15.26
9.92,17.59,11.90
9.92,17.59,17.16
9.92,17.59,17.19
9.92,17.59,17.22
9.92,17.59,17.32
9.92,17.59,19.05
9.92,17.59,17.04
9.92,17.59,11.76
9.92,17.59,17.07
9.92,17.59,15.28
9.92,17.59,17.56
9.92,17.59,15.24
9.92,17.59,13.65
9.92,17.59,13.63
9.92,17.59,13.60
9.92,17.59,13.11
9.92,17.59,19.12
9.92,17.59,10.72
9.73,18.06,12.64
9.92,17.59,15.92
9.92,17.59,18.04
9.92,17.59,10.80
9.92,17.59,15.98
9.92,17.59,17.44
9.92,17.59,10.50
9.92,17.59,18.22
9.92,17.59,18.18
9.92,17.59,18.16
9.92,17.59,18.13
9.92,17.59,17.46
9.92,17.59,18.09
9.92,17.59,11.38
9.92,17.59,18.02
9.92,17.59,17.70
9.92,17.59,17.67
9.92,17.59,17.64
9.92,17.59,15.86
9.92,17.59,17.09
9.92,17.59,16.32
9.92,17.59,16.46
9.92,17.59,18.11
9.34,17.09,14.65
9.34,17.09,9.64
9.34,17.09,17.08
9.34,17.09,16.76
9.34,17.09,16.69
9.34,17.09,16.61
9.34,17.09,16.55
9.34,17.09,15.19
9.34,17.09,12.03
9.34,17.09,12.97
9.34,17.09,11.87
9.34,17.09,14.06
9.34,17.09,13.59
9.34,17.09,10.67
9.34,17.09,12.46
9.34,17.09,12.35
9.34,17.09,12.13
9.34,17.09,11.88
9.35,17.44,13.27
9.34,17.09,15.27
9.93,16.50,13.13
9.58,18.53,16.06
9.93,16.50,15.08
10.13,17.88,11.98
9.93,16.50,12.84
9.93,16.50,11.76
9.93,16.50,15.80
9.93,16.50,13.95
9.93,16.50,11.18
9.34,17.09,15.58
9.93,16.50,12.90
9.34,17.09,11.57
9.93,16.50,13.51
9.93,16.50,13.63
9.34,17.09,10.26
9.34,17.09,12.11
9.34,17.09,11.83
9.34,17.09,12.43
9.34,17.09,12.08
9.34,17.09,10.74
9.93,16.50,11.41
9.05,17.00,9.42
9.05,17.00,14.99
9.05,17.00,15.07
9.05,17.00,11.39
9.05,17.00,15.49
9.05,17.00,13.87
9.05,17.00,15.79
9.05,17.00,16.03
9.34,17.09,11.63
9.05,17.00,9.26
9.05,17.00,14.58
9.05,17.00,9.69
9.05,17.00,15.28
9.05,17.00,11.58
9.05,17.00,12.22
9.05,17.00,12.24
9.05,17.00,12.73
9.05,17.00,12.96
9.05,17.00,14.24
9.05,17.00,16.42
9.34,17.09,13.00
9.34,17.09,10.59
9.34,17.09,10.04
9.34,17.09,10.85
9.34,17.09,11.36
9.34,17.09,15.23
9.34,17.09,16.69
9.34,17.09,16.67
9.34,17.09,16.01
9.05,17.00,14.90
9.34,17.09,15.85
9.05,17.00,14.61
9.34,17.09,15.49
9.34,17.09,14.87
9.34,17.09,14.32
9.34,17.09,14.25
9.34,17.09,10.52
9.05,17.00,15.71
9.05,17.00,14.46
9.93,16.50,11.01
9.34,17.09,15.90
10.30,17.04,15.58
9.73,18.06,15.76
9.73,18.06,12.29
9.73,18.06,12.18
10.30,17.04,15.94
10.30,17.04,11.51
10.30,17.04,12.09
10.30,17.04,12.81
9.93,16.50,15.42
10.30,17.04,14.25
9.73,18.06,13.48
10.30,17.04,16.73
10.30,17.04,10.37
10.30,17.04,10.76
10.30,17.04,15.38
10.30,17.04,14.95
10.30,17.04,16.17
10.30,17.04,11.40
10.30,17.04,15.18
10.30,17.04,13.70
9.73,18.06,15.99
9.73,18.06,12.37
9.73,18.06,11.37
9.73,18.06,10.26
9.73,18.06,18.00
9.73,18.06,17.38
9.73,18.06,17.35
9.73,18.06,14.10
9.73,18.06,14.32
9.73,18.06,15.06
9.73,18.06,15.93
9.73,18.06,13.96
9.73,18.06,10.88
9.73,18.06,16.76
9.73,18.06,18.01
9.73,18.06,10.27
9.73,18.06,10.73
9.73,18.06,12.79
9.73,18.06,15.79
10.30,17.04,12.95
9.73,18.06,15.51
9.93,16.50,12.91
10.30,17.04,13.96
9.09,17.02,16.26
9.09,17.02,12.82
9.93,16.50,13.03
9.93,16.50,10.71
9.93,16.50,14.86
9.93,16.50,14.01
9.93,16.50,13.80
9.09,17.02,15.20
9.93,16.50,13.20
9.09,17.02,15.03
9.93,16.50,11.60
9.93,16.50,10.91
9.93,16.50,10.81
9.93,16.50,10.50
9.93,16.50,13.51
9.93,16.50,17.81
9.93,16.50,17.80
11.37,18.01,17.24
9.93,16.50,10.85
9.09,17.02,11.10
9.93,16.50,17.69
9.09,17.02,12.58
9.09,17.02,13.50
9.09,17.02,13.81
9.09,17.02,15.24
9.09,17.02,16.06
9.09,17.02,14.64
9.09,17.02,14.63
9.09,17.02,15.64
9.09,17.02,9.83
10.30,17.04,13.65
9.09,17.02,11.46
9.09,17.02,12.52
9.09,17.02,13.13
9.09,17.02,13.80
9.09,17.02,14.83
9.09,17.02,14.50
9.09,17.02,9.42
9.09,17.02,14.66
9.09,17.02,14.60
10.06,18.00,11.22
10.06,18.00,12.66
10.06,18.00,11.04
10.06,18.00,11.09
10.06,18.00,12.26
10.06,18.00,12.24
10.06,18.00,12.22
10.06,18.00,11.69
10.06,18.00,13.89
10.06,18.00,11.30
10.06,18.00,12.87
10.06,18.00,11.21
10.06,18.00,17.09
10.06,18.00,12.64
10.06,18.00,13.31
10.06,18.00,13.62
10.06,18.00,13.71
10.06,18.00,13.74
11.37,18.01,17.77
10.06,18.00,11.66
10.06,18.00,17.31
10.06,18.00,10.29
10.06,18.00,10.93
10.06,18.00,10.66
10.06,18.00,10.56
10.06,18.00,10.46
10.06,18.00,10.44
10.06,18.00,17.90
10.06,18.00,16.35
10.06,18.00,10.25
10.06,18.00,17.37
10.06,18.00,12.81
10.06,18.00,17.20
10.06,18.00,16.65
10.06,18.00,17.88
10.06,18.00,12.55
10.06,18.00,14.46
10.06,18.00,13.64
10.06,18.00,12.89
10.06,18.00,13.79
10.06,18.00,11.19
10.02,18.08,15.99
10.02,18.08,15.55
10.02,18.08,13.64
10.02,18.08,12.64
10.02,18.08,13.62
10.02,18.08,15.40
10.02,18.08,15.44
10.02,18.08,15.52
10.06,18.00,13.77
10.02,18.08,16.01
10.02,18.08,13.74
10.02,18.08,15.58
10.02,18.08,16.40
10.02,18.08,15.46
10.02,18.08,13.92
10.02,18.08,16.53
10.02,18.08,15.92
10.02,18.08,15.90
10.02,18.08,15.88
10.02,18.08,13.08
10.06,18.00,16.23
10.06,18.00,13.96
10.06,18.00,14.26
10.06,18.00,14.29
10.06,18.00,14.38
10.06,18.00,16.32
10.06,18.00,16.11
10.06,18.00,13.94
10.06,18.00,16.28
10.02,18.08,12.62
10.06,18.00,16.25
10.02,18.08,14.08
10.06,18.00,12.97
10.06,18.00,13.23
10.06,18.00,16.30
10.06,18.00,13.21
10.06,18.00,13.17
10.06,18.00,13.24
10.02,18.08,13.76
10.06,18.00,11.32
10.06,18.00,16.27
10.06,18.00,11.22
10.06,18.00,14.83
10.06,18.00,14.92
10.06,18.00,14.94
10.06,18.00,14.98
10.06,18.00,15.04
10.06,18.00,15.42
10.06,18.00,16.00
10.06,18.00,16.64
10.06,18.00,15.96
10.06,18.00,15.53
10.06,18.00,11.52
10.06,18.00,16.03
10.06,18.00,16.18
10.06,18.00,15.49
10.06,18.00,16.28
10.06,18.00,15.80
10.06,18.00,15.91
10.06,18.00,16.06
10.06,18.00,16.26
10.06,18.00,15.92
9.86,18.01,15.21
10.06,18.00,15.50
10.06,18.00,15.67
10.06,18.00,15.98
10.06,18.00,15.69
10.06,18.00,15.71
10.06,18.00,15.78
10.06,18.00,15.83
10.06,18.00,15.70
10.06,18.00,11.27
10.06,18.00,14.97
10.06,18.00,14.28
10.06,18.00,14.31
10.06,18.00,14.36
10.06,18.00,15.62
10.06,18.00,15.64
10.06,18.00,15.29
10.06,18.00,16.08
10.06,18.00,16.42
10.06,18.00,15.85
10.06,18.00,14.25
10.06,18.00,16.45
10.06,18.00,10.56
10.06,18.00,11.48
10.06,18.00,12.52
10.06,18.00,12.30
10.06,18.00,12.33
10.06,18.00,10.44
10.06,18.00,10.41
10.06,18.00,10.92
10.06,18.00,13.51
10.06,18.00,11.03
10.06,18.00,11.10
10.06,18.00,14.20
10.06,18.00,13.96
10.06,18.00,10.17
10.06,18.00,18.09
10.06,18.00,18.01
10.06,18.00,16.73
10.02,18.08,14.79
10.06,18.00,10.35
10.06,18.00,13.53
10.06,18.00,16.67
10.06,18.00,16.38
10.06,18.00,12.35
10.06,18.00,12.39
10.06,18.00,12.43
10.06,18.00,13.85
10.06,18.00,13.74
10.06,18.00,13.70
10.06,18.00,10.90
10.06,18.00,16.53
10.06,18.00,14.77
10.06,18.00,13.51
10.06,18.00,13.44
10.06,18.00,13.41
10.06,18.00,13.20
10.06,18.00,13.18
10.06,18.00,13.00
10.06,18.00,12.89
10.06,18.00,13.67
10.06,18.00,13.64
9.60,16.91,16.45
9.60,16.91,13.17
9.60,16.91,10.53
9.60,16.91,12.79
9.60,16.91,10.79
9.60,16.91,12.52
9.60,16.91,12.31
9.60,16.91,11.74
10.66,18.14,15.92
9.60,16.91,16.46
9.60,16.91,9.60
10.00,18.00,15.18
10.00,18.00,15.50
10.00,18.00,16.71
10.00,18.00,16.75
10.00,18.00,17.90
10.00,18.00,11.82
10.00,18.00,13.20
10.00,18.00,11.13
9.60,16.91,16.80
9.60,16.91,10.93
10.02,18.08,15.40
10.66,18.14,15.51
10.66,18.14,13.01
10.66,18.14,12.63
10.66,18.14,11.07
10.66,18.14,17.13
9.60,16.91,12.02
9.60,16.91,16.54
9.60,16.91,10.32
9.60,16.91,14.11
9.60,16.91,9.61
9.60,16.91,13.61
9.60,16.91,13.59
9.60,16.91,14.28
9.60,16.91,15.55
9.60,16.91,14.56
9.60,16.91,16.35
9.60,16.91,14.31
10.00,18.00,13.82
9.60,16.91,13.41
11.37,18.01,11.68
10.00,18.00,11.18
11.37,18.01,12.52
11.37,18.01,13.12
11.37,18.01,13.19
11.37,18.01,13.65
11.37,18.01,13.95
11.37,18.01,14.02
11.37,18.01,14.15
11.37,18.01,17.97
11.37,18.01,14.52
11.37,18.01,15.13
11.37,18.01,15.71
11.37,18.01,15.91
11.37,18.01,16.05
11.37,18.01,16.61
11.37,18.01,16.73
11.37,18.01,16.79
11.37,18.01,16.99
9.86,18.01,16.75
11.37,18.01,14.45
10.00,18.00,10.22
10.66,18.14,15.94
10.00,18.00,12.48
10.00,18.00,12.90
10.00,18.00,12.24
10.00,18.00,12.01
10.00,18.00,14.13
10.00,18.00,11.86
10.00,18.00,12.98
11.37,18.01,12.36
10.00,18.00,13.29
10.00,18.00,11.33
10.00,18.00,13.80
10.00,18.00,14.15
10.00,18.00,14.89
10.00,18.00,15.81
10.00,18.00,16.73
10.00,18.00,17.10
10.00,18.00,13.33
11.37,18.01,11.65
10.00,18.00,13.27
10.02,18.08,16.92
10.02,18.08,12.12
10.02,18.08,10.85
10.02,18.08,11.96
10.02,18.08,10.51
10.02,18.08,10.35
10.02,18.08,18.01
10.02,18.08,17.80
10.66,18.14,17.99
10.02,18.08,12.51
10.02,18.08,11.65
10.02,18.08,13.29
10.02,18.08,12.19
10.02,18.08,11.53
10.03,17.99,11.29
10.03,17.99,10.93
10.03,17.99,10.82
10.03,17.99,10.79
10.03,17.99,14.53
10.02,18.08,17.70
10.02,18.08,17.18
11.37,18.01,17.30
10.02,18.08,14.72
10.02,18.08,12.78
10.02,18.08,13.98
10.02,18.08,17.67
10.02,18.08,15.63
10.02,18.08,11.64
10.02,18.08,10.35
10.02,18.08,11.31
10.02,18.08,10.76
10.02,18.08,14.22
10.02,18.08,11.71
10.02,18.08,13.93
10.02,18.08,11.80
10.02,18.08,12.26
10.02,18.08,12.56
10.02,18.08,18.01
10.02,18.08,10.79
10.03,17.99,16.46
10.02,18.08,10.54
10.66,18.14,10.89
10.03,17.99,15.58
10.66,18.14,15.58
10.66,18.14,15.54
10.66,18.14,13.54
10.66,18.14,14.10
10.66,18.14,13.88
10.66,18.14,16.41
10.66,18.14,13.74
10.66,18.14,16.01
10.66,18.14,15.11
10.66,18.14,12.50
10.66,18.14,15.40
10.66,18.14,17.89
10.66,18.14,17.18
10.66,18.14,17.09
10.66,18.14,16.75
10.66,18.14,16.30
10.66,18.14,16.27
10.66,18.14,16.24
10.66,18.14,14.60
10.03,17.99,16.71
10.02,18.08,14.92
10.03,17.99,15.12
10.03,17.99,16.05
10.03,17.99,15.29
10.03,17.99,15.95
10.03,17.99,11.88
10.03,17.99,12.19
10.03,17.99,12.42
10.66,18.14,16.07
10.03,17.99,11.67
10.03,17.99,11.14
10.03,17.99,11.88
10.03,17.99,12.31
10.03,17.99,14.84
10.03,17.99,13.74
10.03,17.99,11.53
10.03,17.99,12.03
10.03,17.99,17.71
10.03,17.99,11.76
10.03,17.99,12.45
10.01,18.05,13.73
10.21,17.85,13.57
10.21,17.85,10.72
10.21,17.85,12.62
10.10,17.99,14.59
10.10,17.99,14.91
10.10,17.99,15.41
10.01,18.05,17.58
9.99,18.01,12.80
10.01,18.05,12.51
10.21,17.85,12.64
10.01,18.05,13.69
10.01,18.05,14.11
10.01,18.05,15.41
10.01,18.05,15.44
10.01,18.05,17.13
10.01,18.05,17.66
10.01,18.05,16.82
9.67,17.23,14.58
10.01,18.05,10.23
9.91,17.92,11.92
9.91,17.92,12.70
9.91,17.92,11.92
9.91,17.92,11.38
9.91,17.92,10.66
9.91,17.92,16.31
9.91,17.92,10.64
9.91,17.92,14.40
9.91,17.92,9.97
10.21,17.85,12.58
9.91,17.92,12.14
10.21,17.85,16.20
9.91,17.92,10.65
9.91,17.92,10.92
9.91,17.92,11.09
10.21,17.85,13.90
10.21,17.85,13.93
10.21,17.85,14.00
10.21,17.85,16.85
9.99,18.01,16.86
9.91,17.92,12.63
9.78,18.41,12.95
9.07,17.09,11.11
9.07,17.09,9.44
9.07,17.09,9.15
9.07,17.09,14.56
9.07,17.09,12.60
9.07,17.09,16.70
9.78,18.41,10.52
9.99,18.01,11.23
9.78,18.41,12.02
10.42,18.03,15.52
9.78,18.41,14.63
9.78,18.41,16.85
9.67,17.23,14.30
9.67,17.23,13.33
9.67,17.23,13.94
9.67,17.23,11.89
9.67,17.23,14.58
9.81,17.93,14.77
9.78,18.41,11.11
9.99,18.01,14.37
9.99,18.01,17.13
9.99,18.01,15.43
9.99,18.01,17.60
9.99,18.01,17.30
9.99,18.01,16.86
9.99,18.01,16.59
9.99,18.01,15.57
9.99,18.01,15.46
9.07,17.09,13.35
9.99,18.01,14.22
9.07,17.09,9.93
9.99,18.01,10.04
10.42,18.03,16.52
10.42,18.03,11.29
10.42,18.03,13.49
10.42,18.03,11.77
10.42,18.03,13.13
10.42,18.03,14.76
10.39,18.05,11.97
9.99,18.01,11.85
10.19,18.11,15.84
10.19,18.11,14.75
10.19,18.11,15.39
10.19,18.11,17.65
10.19,18.11,10.61
10.19,18.11,12.42
10.19,18.11,12.03
10.19,18.11,11.37
9.91,17.92,16.52
10.19,18.11,15.26
10.19,18.11,10.54
10.19,18.11,17.31
10.30,17.94,16.09
10.30,17.94,15.72
10.30,17.94,16.36
10.30,17.94,15.41
10.30,17.94,15.31
10.30,17.94,16.39
10.30,17.94,17.27
10.19,18.11,16.86
10.23,18.65,16.58
10.07,18.50,11.86
10.23,18.65,12.36
10.23,18.65,15.77
10.23,18.65,15.19
10.23,18.65,13.29
10.23,18.65,10.58
10.23,18.65,18.09
10.23,18.65,17.89
10.19,18.11,13.55
10.23,18.65,17.38
10.19,18.11,10.31
10.23,18.65,11.95
10.23,18.65,17.65
10.19,18.11,14.12
10.19,18.11,13.61
10.19,18.11,13.59
10.19,18.11,14.53
10.19,18.11,10.33
9.75,18.05,10.73
10.23,18.65,17.87
10.39,18.05,12.81
9.75,18.05,12.44
11.26,18.97,18.51
11.26,18.97,18.67
11.26,18.97,18.86
11.26,18.97,18.94
11.26,18.97,13.59
11.26,18.97,12.14
11.26,18.97,14.03
11.26,18.97,13.64
10.39,18.05,13.05
11.26,18.97,12.33
10.39,18.05,13.15
10.39,18.05,11.61
10.39,18.05,10.48
10.39,18.05,13.29
10.39,18.05,17.00
10.39,18.05,17.39
10.39,18.05,17.17
9.67,17.23,12.79
11.26,18.97,12.17
10.13,17.75,15.58
9.91,17.92,16.98
9.75,18.05,16.19
9.75,18.05,15.60
9.75,18.05,15.12
9.75,18.05,10.05
9.87,17.98,16.59
9.87,17.98,12.62
9.87,17.98,13.58
11.26,18.97,13.73
10.13,17.75,14.43
9.75,18.05,16.76
10.13,17.75,13.53
11.00,18.89,17.70
11.00,18.89,12.35
11.00,18.89,13.17
11.00,18.89,11.29
11.01,18.89,13.58
11.01,18.89,13.84
11.01,18.89,12.94
9.87,17.98,17.80
8.97,17.94,17.39
8.97,17.94,16.49
8.97,17.94,17.27
8.97,17.94,17.92
8.97,17.94,17.49
8.97,17.94,12.80
8.97,17.94,11.93
8.97,17.94,10.34
9.96,18.09,13.95
8.97,17.94,17.62
8.97,17.94,13.59
8.97,17.94,13.76
8.97,17.94,15.26
8.97,17.94,12.85
8.97,17.94,12.93
8.97,17.94,13.24
8.97,17.94,14.09
8.97,17.94,14.07
9.67,17.23,12.49
8.97,17.94,9.35
9.75,18.01,13.42
9.75,18.01,11.84
9.75,18.01,13.45
9.75,18.01,10.94
9.75,18.01,10.78
9.75,18.01,17.03
9.75,18.01,10.01
9.75,18.01,10.03
9.75,18.01,15.47
8.97,17.94,9.59
9.75,18.01,13.39
8.97,17.94,10.21
9.75,18.01,14.02
8.97,17.94,14.51
8.97,17.94,13.39
8.97,17.94,13.75
8.97,17.94,14.24
8.97,17.94,15.28
8.97,17.94,11.60
9.96,18.09,16.03
9.75,18.01,17.41
10.33,15.81,10.66
10.33,15.81,14.06
10.33,15.81,13.30
10.33,15.81,11.16
10.33,15.81,10.59
10.33,15.81,11.62
10.33,15.81,14.13
10.33,15.81,15.47
8.97,17.94,16.89
10.33,15.81,14.67
9.96,18.09,18.08
10.33,15.81,11.04
10.33,15.81,11.82
10.33,15.81,12.39
10.33,15.81,14.50
10.33,15.81,14.65
10.33,15.81,13.67
9.81,17.93,14.54
10.13,17.88,14.70
10.33,15.81,14.33
9.96,18.09,15.27
9.96,18.09,16.77
9.96,18.09,17.02
9.96,18.09,15.63
9.96,18.09,10.95
9.96,18.09,15.79
9.96,18.09,13.48
9.96,18.09,11.94
9.96,18.09,17.66
9.96,18.09,11.76
9.96,18.09,10.20
9.96,18.09,14.51
9.96,18.09,15.70
9.96,18.09,16.11
9.96,18.09,16.95
9.96,18.09,17.49
9.96,18.09,15.67
9.96,18.09,17.96
9.96,18.09,18.10
9.75,18.01,12.36
9.96,18.09,10.10
10.41,17.93,13.43
9.91,17.93,10.09
10.41,17.93,15.35
10.41,17.93,11.03
10.41,17.93,14.94
10.41,17.93,16.96
10.41,17.93,13.03
10.41,17.93,16.18
9.75,18.01,11.99
10.41,17.93,12.71
9.91,17.93,14.18
10.41,17.93,17.23
10.41,17.93,16.96
10.41,17.93,16.70
10.41,17.93,16.89
10.41,17.93,17.53
9.83,18.01,16.81
9.83,18.01,16.47
9.83,18.01,16.70
10.41,17.93,10.52
9.91,17.93,12.92
9.93,17.86,14.16
9.93,17.86,11.03
9.93,17.86,11.23
9.93,17.86,11.15
9.93,17.86,12.99
9.93,17.86,13.09
9.93,17.86,11.34
9.91,17.93,14.33
9.91,17.93,12.23
9.91,17.93,15.70
9.91,17.93,14.40
9.91,17.93,15.08
9.91,17.93,18.01
9.91,17.93,12.21
9.91,17.93,14.84
9.91,17.93,15.79
9.91,17.93,12.63
9.91,17.93,13.85
9.83,18.01,11.97
9.91,17.93,17.50
9.75,18.01,10.95
9.83,18.01,13.80
9.75,18.01,14.63
9.75,18.01,11.74
9.75,18.01,14.32
9.75,18.01,11.48
9.75,18.01,12.08
9.75,18.01,14.27
9.75,18.01,13.70
9.83,18.01,13.31
9.75,18.01,12.28
9.83,18.01,14.88
9.75,18.01,10.71
9.75,18.01,10.53
9.75,18.01,10.07
9.75,18.01,13.51
9.75,18.01,11.61
9.75,18.01,12.29
9.75,18.01,16.14
10.07,18.50,16.23
9.75,18.01,13.49
9.83,18.01,17.78
9.75,18.01,13.00
9.83,18.01,11.88
9.83,18.01,11.58
9.83,18.01,10.22
9.83,18.01,17.42
9.83,18.01,17.22
9.83,18.01,14.00
9.83,18.01,11.46
9.75,18.01,11.86
9.83,18.01,13.32
9.83,18.01,13.16
9.83,18.01,16.98
9.83,18.01,17.51
9.83,18.01,16.64
9.83,18.01,12.21
9.83,18.01,17.18
9.83,18.01,16.46
9.83,18.01,12.94
9.83,18.01,14.99
9.83,18.01,12.04
9.89,18.61,12.49
9.50,18.51,16.12
9.50,18.51,18.48
9.50,18.51,10.22
9.83,18.34,16.97
9.83,18.34,15.43
9.83,18.34,15.57
9.89,18.61,13.70
9.71,18.35,14.14
9.89,18.61,14.38
9.59,18.51,14.25
9.71,18.35,14.74
9.71,18.35,15.68
9.71,18.35,14.67
9.71,18.35,16.78
9.71,18.35,10.13
9.71,18.35,13.64
9.71,18.35,16.50
10.07,18.50,13.69
9.89,18.61,18.21
11.37,18.44,16.10
9.60,18.49,14.51
9.60,18.49,14.51
9.60,18.49,10.78
9.60,18.49,13.71
9.60,18.49,10.70
11.37,18.44,13.72
11.37,18.44,15.99
11.37,18.44,17.27
9.50,18.51,13.94
11.37,18.44,16.45
9.50,18.51,11.45
11.37,18.44,13.49
11.37,18.44,17.41
9.59,18.51,11.23
9.59,18.51,11.55
9.59,18.51,13.34
9.59,18.51,14.03
9.59,18.51,16.31
9.71,18.35,17.31
11.37,18.44,16.77
9.51,18.33,13.65
10.11,18.43,10.37
10.11,18.43,10.25
9.51,18.33,11.76
9.51,18.33,14.12
9.51,18.33,11.82
9.51,18.33,17.36
9.51,18.33,17.24
9.71,18.35,17.28
9.51,18.33,13.42
10.11,18.43,14.84
10.00,18.42,15.97
10.00,18.42,15.15
10.00,18.42,10.07
10.00,18.42,11.90
10.00,18.42,15.62
10.00,18.42,12.12
10.00,18.42,16.39
10.00,18.42,15.16
9.51,18.33,15.69
10.01,19.24,13.67
9.72,18.32,15.97
9.72,18.32,11.89
9.72,18.32,10.08
9.72,18.32,9.93
9.72,18.32,10.79
9.72,18.32,12.75
9.72,18.32,10.29
9.72,18.32,15.84
10.11,18.43,11.72
9.72,18.32,15.87
10.11,18.43,17.48
10.01,19.24,10.49
10.01,19.24,14.10
10.01,19.24,16.04
10.01,19.24,18.26
10.01,19.24,18.14
10.01,19.24,12.88
10.01,19.24,11.20
9.60,18.49,9.86
9.72,18.32,18.27
8.56,17.26,14.70
7.76,16.50,19.28
10.75,15.25,13.16
10.75,15.25,14.09
11.50,15.00,14.50
10.50,14.89,11.65
10.63,18.26,11.11
9.45,16.42,14.11
9.60,18.49,12.67
8.56,17.26,12.21
12.50,15.51,14.22
8.51,17.33,9.09
8.51,17.33,12.19
8.51,17.33,15.47
8.51,17.33,16.39
8.88,17.35,14.93
8.88,17.35,17.60
8.88,17.35,15.25
8.88,17.35,13.88
8.56,17.26,12.43
11.62,15.47,13.21
10.72,16.80,14.98
10.72,16.80,16.00
10.72,16.80,14.06
11.62,15.47,13.23
11.62,15.47,13.72
11.62,15.47,13.71
11.62,15.47,15.36
11.62,15.47,14.67
7.76,16.50,12.91
11.62,15.47,13.52
7.76,16.50,11.99
11.62,15.47,13.93
11.62,15.47,14.84
11.62,15.47,14.51
11.62,15.47,14.26
11.62,15.47,13.68
11.62,15.47,13.14
11.62,15.47,13.82
8.88,17.35,13.21
11.62,15.47,13.90
9.86,18.25,11.75
8.88,17.35,13.83
9.64,18.41,17.95
9.64,18.41,13.32
9.64,18.41,13.28
9.64,18.41,13.34
9.86,18.25,13.08
9.86,18.25,10.78
9.86,18.25,11.13
8.59,17.43,11.06
9.86,18.25,17.05
8.59,17.43,13.03
10.94,18.32,12.47
10.94,18.32,12.91
10.94,18.32,13.95
11.01,18.40,14.17
11.01,18.40,13.21
11.01,18.40,16.65
11.01,18.40,15.73
10.00,18.42,13.97
9.86,18.25,13.13
9.76,18.34,12.37
9.60,18.49,16.82
8.88,17.35,9.40
8.88,17.35,15.28
8.87,17.19,14.71
8.87,17.19,12.39
8.87,17.19,12.43
8.87,17.19,12.48
8.87,17.19,10.68
9.64,18.41,12.77
9.76,18.34,11.94
8.88,17.35,13.71
9.76,18.34,12.58
9.76,18.34,11.09
9.75,18.25,16.07
9.75,18.25,14.65
9.75,18.25,14.35
9.75,18.25,12.99
8.59,17.43,17.06
8.59,17.43,17.07
9.76,18.34,10.21
9.87,17.94,12.20
9.85,18.05,11.18
9.85,18.05,14.40
9.85,18.05,14.75
9.95,18.08,12.45
9.95,18.08,15.94
9.95,18.08,13.92
9.95,18.08,11.32
9.92,18.11,11.67
9.87,17.94,11.31
9.85,18.05,17.54
9.87,17.94,12.55
9.87,17.94,10.12
9.87,17.94,10.87
9.87,17.94,17.05
9.87,17.94,15.03
11.08,18.35,13.13
11.08,18.35,11.11
11.08,18.35,13.47
9.95,18.08,12.04
9.92,18.11,15.86
10.00,18.42,10.04
9.92,18.11,14.42
9.92,18.11,14.77
9.92,18.11,11.10
9.92,18.11,17.81
9.92,18.11,10.72
9.92,18.11,11.60
9.92,18.11,11.81
9.85,18.05,16.91
9.92,18.11,15.70
9.85,18.05,14.67
9.92,18.11,17.02
9.92,18.11,18.09
9.92,18.11,15.95
9.99,17.99,14.51
9.99,17.99,14.85
9.99,17.99,14.08
9.99,17.99,17.54
11.08,18.35,15.99
9.92,18.11,14.90
10.04,18.06,14.01
11.08,18.35,14.11
10.52,17.58,14.25
10.52,17.58,14.18
10.52,17.58,12.35
10.52,17.58,11.43
10.52,17.58,10.76
10.04,18.06,10.47
10.04,18.06,14.73
10.52,17.58,14.76
10.04,18.06,15.35
10.52,17.58,14.82
10.04,18.06,13.67
10.04,18.06,12.82
10.07,18.50,17.76
10.07,18.50,12.77
10.07,18.50,18.07
10.07,18.50,13.64
10.07,18.50,14.17
9.81,17.93,14.68
10.04,18.06,14.00
11.35,18.34,15.62
9.92,18.11,11.60
11.08,18.35,11.70
11.35,18.34,15.80
11.35,18.34,11.35
11.35,18.34,11.47
11.35,18.34,11.75
11.35,18.34,13.20
11.35,18.34,14.13
10.52,17.58,14.50
11.35,18.34,12.16
11.08,18.35,17.90
11.35,18.34,17.44
11.35,18.34,14.44
10.79,17.87,12.51
10.79,17.87,12.51
10.79,17.87,14.66
10.79,17.87,12.53
10.52,17.58,16.19
10.52,17.58,15.68
11.35,18.34,16.10
10.25,18.04,11.21
10.33,18.50,15.32
10.33,18.50,10.62
10.33,18.50,12.21
10.33,18.50,16.18
10.33,18.50,11.07
10.33,18.50,11.93
10.33,18.50,14.13
9.92,18.11,11.82
10.25,18.04,11.48
9.59,18.36,14.13
10.25,18.04,16.30
10.25,18.04,17.00
10.25,18.04,14.27
10.25,18.04,14.53
10.25,18.04,12.68
10.25,18.04,16.24
10.25,18.04,16.30
10.25,18.04,16.77
10.25,18.04,11.70
9.59,18.36,15.63
10.07,18.50,13.32
10.00,18.42,13.07
10.00,18.42,13.62
10.00,18.42,11.39
10.00,18.42,12.98
10.00,18.42,13.61
10.00,18.42,10.27
9.59,18.36,14.47
10.36,14.47,10.38
9.59,18.36,12.59
10.36,14.47,13.29
9.59,18.36,14.44
9.59,18.36,10.99
9.59,18.36,10.16
9.59,18.36,14.38
9.59,18.36,14.64
9.59,18.36,17.76
9.59,18.36,10.42
10.25,18.04,11.61
9.59,18.36,14.25
9.99,17.98,17.18
10.25,18.04,14.25
9.99,17.98,15.13
9.99,17.98,14.78
9.99,17.98,12.46
9.99,17.98,14.04
9.99,17.98,13.89
9.99,17.98,17.13
9.99,17.98,15.31
9.99,17.98,13.62
9.99,17.98,16.72
9.99,17.98,16.45
9.99,17.98,11.41
9.99,17.98,12.95
9.99,17.98,15.28
9.99,17.98,10.45
9.99,17.98,10.97
9.99,17.98,11.08
9.99,17.98,10.36
9.99,17.98,12.47
9.99,17.98,16.63
10.25,18.04,13.65
10.00,18.42,12.44
10.25,18.04,11.48
10.25,18.04,17.83
10.25,18.04,17.84
10.25,18.04,14.68
10.25,18.04,12.46
10.25,18.04,12.78
10.25,18.04,12.19
9.99,17.98,15.68
10.25,18.04,13.15
10.25,18.04,11.85
10.25,18.04,14.17
10.25,18.04,14.22
10.25,18.04,14.47
10.25,18.04,17.96
9.99,17.98,13.35
9.99,17.98,18.08
9.99,17.98,11.65
9.99,17.98,15.48
10.25,18.04,17.31
9.55,18.06,9.82
9.55,18.06,14.14
9.55,18.06,14.50
9.55,18.06,14.75
9.55,18.06,15.53
9.55,18.06,15.48
9.55,18.06,13.49
9.55,18.06,10.90
9.55,18.06,10.22
9.55,18.06,13.14
9.55,18.06,11.11
9.55,18.06,15.05
9.55,18.06,12.89
9.55,18.06,11.57
9.55,18.06,14.75
9.55,18.06,14.45
9.55,18.06,14.16
9.55,18.06,13.69
10.51,18.28,17.90
9.55,18.06,10.25
10.36,17.84,12.98
10.36,17.84,10.94
10.36,17.84,15.20
10.36,17.84,16.91
10.36,17.84,16.76
10.36,17.84,12.28
10.36,17.84,14.96
10.36,17.84,14.57
10.36,17.84,14.39
9.55,18.06,11.89
10.36,17.84,13.85
9.55,18.06,13.81
10.36,17.84,12.61
10.36,17.84,13.10
10.36,17.84,13.19
10.36,17.84,13.27
10.36,17.84,13.45
10.36,17.84,13.55
9.55,18.06,15.35
9.55,18.06,15.94
10.36,17.84,14.12
10.51,18.28,13.83
11.43,19.02,17.65
11.43,19.02,13.21
11.43,19.02,14.41
10.51,18.28,17.43
10.51,18.28,13.70
10.51,18.28,13.84
10.51,18.28,13.82
9.55,18.06,16.66
10.51,18.28,14.48
11.43,19.02,14.43
10.51,18.28,11.69
10.51,18.28,11.54
10.51,18.28,13.09
10.51,18.28,13.30
10.51,18.28,14.01
10.51,18.28,15.32
10.51,18.28,10.56
9.81,17.93,14.51
10.51,18.28,13.01
11.43,19.02,12.73
11.43,19.02,15.25
11.43,19.02,15.50
11.43,19.02,13.54
11.43,19.02,16.23
11.43,19.02,15.48
11.43,19.02,16.26
11.43,19.02,17.46
11.43,19.02,18.13
11.43,19.02,14.80
11.43,19.02,12.74
11.43,19.02,13.52
11.43,19.02,12.85
11.43,19.02,12.02
11.43,19.02,17.69
11.43,19.02,14.76
11.43,19.02,17.35
11.43,19.02,16.60
11.43,19.02,16.13
10.36,17.84,13.40
11.43,19.02,11.59
9.06,17.94,9.38
9.06,17.94,12.55
9.06,17.94,12.59
9.06,17.94,12.63
9.06,17.94,14.70
9.06,17.94,11.95
9.06,17.94,14.00
9.06,17.94,14.23
10.36,17.84,12.56
9.06,17.94,11.23
9.06,17.94,9.79
9.06,17.94,9.58
9.06,17.94,9.70
9.06,17.94,9.72
9.06,17.94,10.21
9.06,17.94,10.42
9.06,17.94,12.39
9.06,17.94,11.97
9.06,17.94,11.37
9.06,17.94,13.52
9.06,17.94,10.18
9.06,17.94,18.60
9.06,17.94,12.01
9.06,17.94,12.28
9.06,17.94,12.57
9.06,17.94,10.10
9.06,17.94,17.10
9.06,17.94,12.93
9.06,17.94,9.19
9.06,17.94,12.44
9.06,17.94,10.33
9.06,17.94,13.69
9.06,17.94,11.78
9.06,17.94,10.92
9.06,17.94,11.28
9.06,17.94,11.34
9.06,17.94,11.36
9.06,17.94,11.57
9.06,17.94,11.60
9.06,17.94,11.93
9.06,17.94,9.52
10.36,17.84,11.63
9.06,17.94,11.72
9.06,17.94,16.52
9.06,17.94,16.41
9.06,17.94,15.70
9.06,17.94,15.48
9.06,17.94,16.42
9.06,17.94,18.63
10.36,17.84,14.58
9.06,17.94,15.35
10.36,17.84,11.79
9.06,17.94,15.28
10.36,17.84,11.19
10.36,17.84,17.16
10.36,17.84,16.72
10.36,17.84,16.52
10.36,17.84,16.14
10.36,17.84,14.22
10.36,17.84,13.72
10.51,18.28,14.34
10.36,17.84,11.96
9.06,17.94,13.66
10.36,17.84,13.00
9.06,17.94,14.94
9.06,17.94,15.03
9.06,17.94,14.77
9.06,17.94,14.71
9.06,17.94,14.59
9.06,17.94,14.61
9.06,17.94,14.31
9.06,17.94,18.70
9.06,17.94,13.85
9.06,17.94,11.81
9.06,17.94,13.47
9.06,17.94,13.30
9.06,17.94,17.90
9.06,17.94,15.07
9.06,17.94,15.29
9.06,17.94,15.45
9.06,17.94,15.57
9.06,17.94,15.67
9.06,17.94,15.45
9.58,18.53,12.85
9.58,18.53,15.32
9.58,18.53,15.29
9.58,18.53,16.01
9.58,18.53,11.65
9.58,18.53,13.28
9.58,18.53,13.11
9.58,18.53,13.03
9.58,18.53,15.16
9.58,18.53,12.95
9.58,18.53,15.80
9.58,18.53,9.70
9.58,18.53,16.69
9.58,18.53,9.80
9.58,18.53,11.23
9.58,18.53,10.91
9.58,18.53,10.50
9.58,18.53,10.24
10.51,18.28,17.51
9.58,18.53,12.98
9.58,18.53,16.99
11.20,17.34,12.34
11.20,17.34,12.06
11.20,17.34,11.93
11.20,17.34,11.55
11.20,17.34,17.15
11.20,17.34,16.92
11.20,17.34,13.00
9.58,18.53,10.30
9.58,18.53,15.40
9.58,18.53,17.07
9.58,18.53,15.64
9.58,18.53,16.63
9.58,18.53,16.25
9.58,18.53,16.17
9.58,18.53,16.14
9.58,18.53,13.39
9.58,18.53,15.97
9.58,18.53,10.16
9.58,18.53,11.85
9.58,18.53,15.94
9.58,18.53,13.52
9.58,18.53,14.39
9.58,18.53,14.20
9.58,18.53,12.04
9.58,18.53,14.08
9.58,18.53,15.18
9.58,18.53,13.80
9.58,18.53,13.66
9.58,18.53,10.22
9.58,18.53,13.63
9.58,18.53,14.59
9.58,18.53,13.49
9.58,18.53,14.13
9.58,18.53,15.13
9.58,18.53,15.58
9.58,18.53,15.56
9.58,18.53,15.53
9.58,18.53,15.46
9.58,18.53,15.97
9.58,18.53,13.64
9.58,18.53,10.23
9.58,18.53,11.96
9.58,18.53,11.89
9.58,18.53,11.79
9.58,18.53,11.55
9.58,18.53,11.18
9.58,18.53,12.15
9.58,18.53,10.77
9.58,18.53,10.52
9.58,18.53,14.44
9.58,18.53,10.36
9.58,18.53,14.46
9.58,18.53,10.17
9.58,18.53,9.90
9.58,18.53,9.73
9.58,18.53,9.70
9.58,18.53,11.69
9.58,18.53,15.12
9.58,18.53,14.92
11.20,17.34,13.14
9.58,18.53,10.51
9.11,17.26,12.93
9.11,17.26,13.96
9.11,17.26,13.59
9.11,17.26,14.17
9.11,17.26,9.59
9.11,17.26,14.67
9.11,17.26,10.89
9.11,17.26,11.78
11.20,17.34,14.02
9.11,17.26,12.31
9.11,17.26,16.12
9.11,17.26,9.12
9.11,17.26,16.36
9.11,17.26,11.85
9.11,17.26,11.82
9.11,17.26,11.78
9.11,17.26,11.56
9.11,17.26,10.48
9.11,17.26,14.35
9.11,17.26,11.79
9.11,17.26,14.94
10.51,18.28,17.93
10.51,18.28,17.53
10.51,18.28,17.01
10.51,18.28,16.23
10.51,18.28,15.22
9.11,17.26,15.99
9.11,17.26,13.46
9.11,17.26,13.16
9.11,17.26,10.53
9.11,17.26,14.76
9.11,17.26,12.66
9.11,17.26,15.05
9.11,17.26,16.55
9.11,17.26,15.39
9.11,17.26,17.00
9.11,17.26,15.50
9.11,17.26,15.89
9.11,17.26,17.08
9.11,17.26,15.84
9.11,17.26,15.45
11.20,17.34,16.10
9.11,17.26,16.96
11.20,17.34,13.37
11.20,17.34,13.66
11.20,17.34,17.08
11.20,17.34,12.50
11.20,17.34,15.22
11.20,17.34,14.44
11.20,17.34,16.02
11.20,17.34,13.59
11.20,17.34,15.70
11.20,17.34,12.72
11.20,17.34,15.45
11.20,17.34,15.20
11.20,17.34,15.05
11.20,17.34,14.95
11.20,17.34,14.31
11.20,17.34,13.53
11.20,17.34,13.36
9.06,17.94,17.93
11.20,17.34,15.94
11.20,17.34,15.43
11.20,17.34,12.79
9.11,17.26,15.67
9.11,17.26,15.26
9.11,17.26,15.02
11.20,17.34,15.36
11.20,17.34,16.01
11.20,17.34,15.72
11.20,17.34,15.57
11.20,17.34,13.33
11.20,17.34,16.81
9.11,17.26,12.52
11.20,17.34,16.82
11.20,17.34,15.18
11.20,17.34,14.94
11.20,17.34,14.87
11.20,17.34,14.18
11.20,17.34,11.98
11.20,17.34,12.12
11.20,17.34,12.48
11.20,17.34,15.55
10.13,17.88,10.89
10.13,17.88,13.83
10.13,17.88,13.75
10.13,17.88,13.44
10.13,17.88,13.18
10.13,17.88,13.04
10.13,17.88,17.00
10.13,17.88,10.73
10.13,17.88,11.38
10.13,17.88,10.87
10.13,17.88,10.80
10.13,17.88,11.17
10.13,17.88,11.20
10.13,17.88,11.36
10.13,17.88,11.79
10.13,17.88,11.82
10.13,17.88,12.23
10.13,17.88,12.81
9.06,17.94,11.99
10.13,17.88,14.35
10.13,17.88,15.75
10.13,17.88,15.47
10.13,17.88,14.28
10.13,17.88,11.99
10.13,17.88,16.38
10.13,17.88,16.12
10.13,17.88,16.07
10.13,17.88,15.96
10.13,17.88,16.50
10.13,17.88,13.98
10.13,17.88,15.87
10.13,17.88,14.02
10.13,17.88,16.40
10.13,17.88,11.58
10.13,17.88,16.43
10.13,17.88,15.92
10.13,17.88,10.65
10.13,17.88,10.57
10.13,17.88,16.93
10.13,17.88,11.20
10.13,17.88,16.83
10.00,18.02,15.30
10.00,18.02,13.84
10.00,18.02,13.90
10.00,18.02,16.41
10.00,18.02,16.31
10.00,18.02,15.86
10.00,18.02,15.76
10.00,18.02,13.62
10.13,17.88,15.89
10.00,18.02,11.98
10.00,18.02,13.29
10.00,18.02,11.38
10.00,18.02,11.62
10.00,18.02,11.68
10.00,18.02,13.19
10.00,18.02,13.16
10.00,18.02,12.06
10.00,18.02,12.81
10.00,18.02,12.84
10.00,18.02,14.46
10.13,17.88,15.44
10.13,17.88,10.95
10.13,17.88,10.91
10.13,17.88,10.77
10.13,17.88,10.73
10.13,17.88,10.52
10.13,17.88,17.51
10.13,17.88,16.85
10.13,17.88,16.10
10.00,18.02,13.79
10.13,17.88,15.78
10.00,18.02,13.71
10.13,17.88,15.22
10.13,17.88,15.18
10.13,17.88,12.28
10.13,17.88,14.93
10.13,17.88,14.78
10.13,17.88,14.40
10.13,17.88,12.92
9.05,17.00,13.16
10.13,17.88,14.30
9.81,17.93,14.41
9.81,17.93,17.43
9.81,17.93,14.14
9.81,17.93,15.42
9.81,17.93,15.09
9.81,17.93,18.91
9.81,17.93,18.80
9.81,17.93,17.58
10.13,17.88,13.43
9.81,17.93,17.51
9.81,17.93,15.63
9.81,17.93,13.63
9.81,17.93,17.47
9.81,17.93,13.95
9.81,17.93,14.18
9.81,17.93,14.31
9.81,17.93,14.57
9.81,17.93,14.59
9.81,17.93,15.61
9.81,17.93,17.54
9.81,17.93,13.05
9.81,17.93,14.73
9.81,17.93,19.03
9.81,17.93,19.01
9.81,17.93,18.96
9.81,17.93,18.90
9.81,17.93,18.88
9.81,17.93,12.75
9.81,17.93,10.48
9.81,17.93,15.92
9.81,17.93,12.66
9.81,17.93,15.67
9.81,17.93,13.17
9.81,17.93,13.74
9.81,17.93,13.96
9.81,17.93,12.33
9.81,17.93,11.96
9.81,17.93,19.13
9.81,17.93,13.59
9.81,17.93,14.92
9.81,17.93,12.45
9.81,17.93,10.28
9.81,17.93,14.76
9.81,17.93,15.10
9.81,17.93,9.92
9.81,17.93,12.07
9.81,17.93,11.68
9.81,17.93,12.14
9.81,17.93,19.14
9.81,17.93,19.16
9.81,17.93,11.79
9.81,17.93,19.22
9.81,17.93,11.86
9.81,17.93,10.76
9.81,17.93,19.20
10.13,17.88,13.01
10.13,17.88,15.19
10.13,17.88,11.61
9.05,17.00,13.18
10.13,17.88,15.10
10.00,18.02,18.31
9.81,17.93,10.92
9.81,17.93,11.78
10.13,17.88,12.93
9.81,17.93,12.71
9.81,17.93,19.08
9.81,17.93,12.16
9.81,17.93,15.00
9.81,17.93,15.06
9.81,17.93,14.72
9.81,17.93,11.93
9.81,17.93,11.49
9.81,17.93,18.82
9.81,17.93,13.12
9.81,17.93,11.40
9.81,17.93,11.68
9.81,17.93,15.39
9.81,17.93,15.16
9.81,17.93,12.60
9.81,17.93,12.00
9.81,17.93,17.09
9.81,17.93,17.54
9.81,17.93,15.17
13.88,18.04,16.08
13.88,18.04,14.55
13.88,18.04,14.66
13.88,18.04,14.73
13.88,18.04,15.13
13.88,18.04,14.76
13.88,18.04,17.97
13.88,18.04,17.52
11.39,18.56,13.33
13.88,18.04,14.98
13.88,18.04,15.41
13.88,18.04,17.10
10.33,17.50,16.82
10.33,17.50,16.32
10.33,17.50,16.20
10.33,17.50,17.20
10.33,17.50,15.36
10.33,17.50,17.16
10.33,17.50,15.94
13.88,18.04,17.41
11.39,18.56,14.91
10.00,18.02,13.00
11.39,18.56,11.90
11.39,18.56,12.40
11.39,18.56,12.72
11.39,18.56,13.12
11.39,18.56,18.39
11.39,18.56,13.04
11.39,18.56,16.02
13.88,18.04,14.23
11.39,18.56,15.85
13.88,18.04,15.76
11.39,18.56,16.89
9.00,11.67,9.12
9.00,11.67,10.70
9.00,11.67,9.50
9.00,11.67,10.19
9.00,11.67,9.92
13.88,18.04,15.46
10.33,17.50,15.41
11.39,18.56,12.66
10.33,17.50,14.53
10.33,17.50,16.74
10.33,17.50,13.50
10.33,17.50,13.46
10.33,17.50,13.29
10.33,17.50,13.02
10.33,17.50,13.60
10.33,17.50,15.43
10.33,17.50,15.36
10.33,17.50,12.84
10.33,17.50,15.05
10.33,17.50,14.08
10.33,17.50,14.40
10.33,17.50,14.33
10.33,17.50,10.80
10.33,17.50,13.44
10.33,17.50,13.41
10.33,17.50,13.26
10.33,17.50,14.12
9.58,18.53,14.19
10.33,17.50,15.23
10.33,17.50,13.69
11.39,18.56,14.53
10.33,17.50,17.54
10.33,17.50,13.97
10.33,17.50,13.92
10.33,17.50,13.90
10.33,17.50,13.78
10.33,17.50,10.56
10.33,17.50,15.48
10.33,17.50,14.04
10.33,17.50,13.74
10.33,17.50,16.08
10.33,17.50,13.54
10.33,17.50,13.85
10.33,17.50,17.56
10.33,17.50,13.99
10.33,17.50,10.64
10.33,17.50,15.46
10.33,17.50,15.17
10.33,17.50,16.56
10.33,17.50,16.35
9.80,17.96,12.72
10.00,18.02,11.97
10.00,18.02,11.83
10.00,18.02,11.70
10.00,18.02,10.68
10.00,18.02,11.33
10.00,18.02,11.09
10.00,18.02,11.06
11.39,18.56,17.25
9.80,17.96,11.73
10.00,18.02,12.84
9.80,17.96,12.74
9.80,17.96,13.97
9.80,17.96,16.11
9.80,17.96,11.54
9.80,17.96,11.14
9.80,17.96,16.82
9.80,17.96,17.61
9.80,17.96,13.46
9.80,17.96,15.50
10.00,18.02,15.57
9.06,17.94,11.96
10.00,18.02,19.11
10.00,18.02,18.97
10.00,18.02,18.89
10.00,18.02,18.50
10.00,18.02,18.41
10.00,18.02,10.08
10.00,18.02,18.34
10.00,18.02,10.24
10.00,18.02,15.69
10.00,18.02,12.04
10.00,18.02,14.53
10.00,18.02,14.92
10.00,18.02,10.13
10.00,18.02,13.46
10.00,18.02,18.39
10.00,18.02,13.30
10.00,18.02,12.96
9.80,17.96,11.96
10.00,18.02,18.87
10.02,18.00,16.54
9.80,17.96,10.40
10.02,18.00,18.04
10.02,18.00,16.54
10.02,18.00,13.62
10.02,18.00,11.14
10.02,18.00,10.70
10.02,18.00,12.96
10.02,18.00,16.57
10.02,18.00,16.49
10.02,18.00,13.86
10.02,18.00,15.67
10.02,18.00,16.72
10.02,18.00,17.62
10.02,18.00,10.73
10.02,18.00,11.90
10.02,18.00,13.26
11.39,18.56,16.64
11.39,18.56,13.34
11.39,18.56,13.72
10.02,18.00,11.93
9.80,17.96,14.10
10.00,18.02,11.79
9.80,17.96,13.31
9.80,17.96,13.54
9.80,17.96,13.65
9.80,17.96,17.94
9.80,17.96,16.91
9.80,17.96,15.92
9.80,17.96,13.68
10.02,18.00,16.82
9.80,17.96,14.82
9.80,17.96,12.53
10.02,18.00,13.94
10.02,18.00,17.40
10.02,18.00,12.35
10.02,18.00,12.57
10.02,18.00,13.22
10.02,18.00,13.61
10.02,18.00,14.21
10.02,18.00,14.24
9.80,17.96,15.49
8.96,16.95,15.65
9.66,18.02,14.94
8.56,16.24,11.66
8.56,16.24,13.24
8.56,16.24,14.96
8.56,16.24,15.35
8.96,16.95,13.98
8.56,16.24,11.86
8.96,16.95,16.50
8.56,16.24,11.99
8.96,16.95,14.00
8.96,16.95,15.32
8.96,16.95,9.18
8.96,16.95,10.52
8.96,16.95,11.68
8.96,16.95,11.21
8.96,16.95,10.76
8.96,16.95,15.40
10.44,16.99,11.18
10.44,16.99,11.12
10.44,16.99,12.10
10.44,16.99,13.01
10.44,16.99,13.62
10.44,16.99,13.65
10.44,16.99,13.11
8.56,16.24,13.81
10.44,16.99,11.35
11.17,19.00,17.68
10.44,16.99,14.76
8.83,17.08,12.55
8.83,17.08,8.92
8.83,17.08,10.27
8.83,17.08,13.68
8.83,17.08,14.57
8.83,17.08,15.16
10.44,16.99,14.37
10.89,18.98,13.61
12.77,19.99,13.41
12.77,19.99,14.50
12.77,19.99,13.75
12.77,19.99,17.70
12.77,19.99,15.52
12.77,19.99,14.01
8.96,16.95,10.53
10.89,18.98,14.27
11.17,19.00,16.25
10.89,18.98,13.67
10.89,18.98,15.39
10.89,18.98,17.08
9.66,18.02,16.56
9.66,18.02,11.18
9.66,18.02,15.69
10.02,17.82,10.10
12.77,19.99,16.89
11.17,19.00,11.32
10.07,17.84,17.03
11.17,19.00,15.11
11.17,19.00,14.41
11.17,19.00,13.04
11.17,19.00,12.52
11.17,19.00,12.41
11.17,19.00,12.20
11.17,19.00,17.99
11.17,19.00,11.58
11.17,19.00,18.48
11.17,19.00,15.22
11.17,19.00,17.76
11.17,19.00,15.39
11.17,19.00,15.45
11.17,19.00,15.51
11.17,19.00,16.12
8.96,16.95,10.87
11.17,19.00,11.79
10.15,17.95,16.22
10.15,17.95,16.01
10.15,17.95,16.32
10.15,17.95,16.08
10.15,17.95,16.03
10.15,17.95,10.77
10.15,17.95,17.84
10.15,17.95,16.74
10.15,17.95,16.46
10.17,17.91,16.20
10.15,17.95,16.88
10.15,17.95,11.26
10.15,17.95,17.11
10.15,17.95,10.95
10.15,17.95,17.98
10.15,17.95,10.87
10.44,16.99,16.31
10.15,17.95,15.52
10.17,17.91,12.22
10.02,17.82,10.28
10.02,17.82,10.09
10.17,17.91,11.46
10.17,17.91,17.92
10.17,17.91,15.03
10.17,17.91,14.60
10.17,17.91,13.64
10.15,17.95,10.41
10.17,17.91,15.08
22.00,4.53,4.16
10.17,17.91,12.75
10.17,17.91,12.42
10.17,17.91,12.69
10.17,17.91,11.60
10.17,17.91,11.86
10.17,17.91,10.65
10.15,17.95,11.26
10.17,17.91,13.16
10.07,17.84,10.99
9.90,17.19,14.28
9.90,17.19,13.50
9.90,17.19,13.30
9.90,17.19,13.14
9.90,17.19,13.06
9.90,17.19,14.82
10.15,17.95,16.81
10.07,17.84,10.41
9.90,17.19,16.23
10.07,17.84,13.20
10.07,17.84,14.36
10.07,17.84,14.38
10.07,17.84,15.41
10.07,17.84,15.59
10.07,17.84,15.65
9.66,18.02,14.64
10.07,17.84,10.31
9.90,17.19,11.80
9.90,17.19,9.91
9.90,17.19,9.95
9.90,17.19,11.76
9.90,17.19,10.33
9.90,17.19,10.57
9.90,17.19,11.07
9.90,17.19,11.19
9.90,17.19,15.73
9.90,17.19,11.64
9.90,17.19,15.98
9.90,17.19,11.93
9.90,17.19,12.60
9.90,17.19,12.78
9.90,17.19,14.40
9.90,17.19,16.86
9.90,17.19,16.84
10.44,16.99,10.81
9.90,17.19,11.39
9.00,16.98,10.01
9.66,18.02,12.12
9.17,17.02,10.29
9.17,17.02,11.63
9.17,17.02,16.11
9.17,17.02,12.79
9.17,16.72,15.73
9.17,17.02,11.43
9.17,16.72,14.46
8.85,17.09,15.24
9.00,16.98,9.75
9.00,16.98,10.61
9.00,16.98,11.46
9.00,16.98,12.25
9.00,16.98,15.87
9.00,16.98,15.63
8.84,17.00,14.73
9.17,16.72,14.80
9.33,16.78,11.64
8.85,17.08,15.30
8.85,17.08,14.77
8.85,17.08,9.18
8.88,16.77,13.45
8.88,16.77,9.97
8.88,16.77,14.06
9.17,17.02,9.48
9.33,16.78,9.55
8.84,17.00,8.95
9.33,16.78,10.80
9.33,16.78,14.34
9.33,16.78,13.06
9.15,17.00,12.43
9.15,17.00,14.02
8.85,17.09,16.87
8.85,17.09,10.75
8.88,16.77,15.58
9.16,15.86,14.89
8.75,17.59,13.59
9.36,17.02,13.15
9.36,17.02,14.05
9.36,17.02,16.77
8.87,16.94,12.91
8.87,16.94,16.44
8.84,17.00,13.01
8.87,16.94,12.09
8.75,17.59,11.43
9.16,15.86,12.71
9.16,15.86,11.72
9.16,15.86,11.94
9.16,15.86,12.39
9.06,17.67,9.79
12.17,17.16,17.12
9.05,17.00,13.10
8.87,16.94,9.90
8.39,16.47,9.99
8.85,17.45,10.92
8.90,16.45,14.76
8.90,16.45,15.55
8.90,16.45,10.29
9.48,16.92,15.29
8.73,17.02,15.83
8.73,17.02,14.74
8.75,17.59,13.62
8.39,16.47,9.08
8.75,17.59,11.19
8.39,16.47,13.89
8.39,16.47,12.95
9.48,16.93,11.72
9.48,16.93,9.76
9.48,16.93,9.61
8.75,17.59,11.81
8.84,17.00,10.42
8.73,17.02,10.36
8.76,16.92,11.59
9.06,17.09,13.33
7.92,15.27,10.73
7.92,15.27,11.64
7.92,15.27,13.82
7.92,15.27,14.03
8.76,16.92,14.41
9.00,15.96,13.62
8.76,16.92,10.57
9.06,17.09,12.09
8.76,16.92,12.15
8.76,16.92,12.80
8.76,16.92,12.88
8.76,16.92,16.21
8.76,16.92,16.75
8.76,16.92,13.07
8.85,17.08,16.27
8.76,16.92,9.41
10.37,18.02,15.57
9.66,18.02,12.58
9.66,18.02,17.99
9.66,18.02,14.95
9.66,18.02,14.04
9.66,18.02,12.00
10.37,18.02,15.57
10.37,18.02,12.92
9.06,17.09,15.41
10.37,18.02,15.60
9.06,17.09,13.50
10.37,18.02,11.50
10.37,18.02,12.54
10.37,18.02,11.62
10.37,18.02,10.71
9.06,17.09,12.97
9.06,17.09,12.18
10.55,18.01,13.65
10.37,18.02,14.05
9.80,17.76,10.53
9.80,17.76,15.19
9.80,17.76,10.23
9.80,17.76,10.72
9.80,17.76,14.32
9.80,17.76,14.73
9.80,17.76,17.03
9.00,15.96,14.49
9.80,17.76,10.04
8.21,15.73,15.04
9.80,17.76,14.57
9.80,17.76,14.72
8.85,17.45,17.56
8.85,17.45,17.60
8.85,17.45,12.15
8.85,17.45,10.40
11.17,19.00,13.45
9.80,17.76,17.63
9.70,16.99,14.21
10.55,18.01,15.05
10.55,18.01,15.71
10.55,18.01,13.56
10.55,18.01,12.47
10.55,18.01,18.04
10.55,18.01,17.78
9.70,16.99,9.83
9.80,17.76,15.95
9.70,16.99,14.45
9.80,17.76,13.09
9.70,16.99,12.51
8.21,15.73,13.82
8.21,15.73,8.29
8.21,15.73,15.61
8.21,15.73,13.69
8.21,15.73,11.76
8.85,17.08,14.09
9.70,16.99,12.86
10.25,18.02,11.94
10.25,18.02,16.20
10.25,18.02,12.18
10.25,18.02,12.20
10.25,18.02,12.24
10.25,18.02,13.67
10.25,18.02,12.66
10.25,18.02,17.44
10.25,18.02,11.49
10.25,18.02,15.62
10.25,18.02,12.23
10.25,18.02,14.25
10.25,18.02,12.98
10.25,18.02,13.42
10.25,18.02,13.61
10.25,18.02,14.15
10.08,17.65,11.92
10.25,18.02,10.62
10.08,17.65,16.28
10.03,17.63,11.39
10.08,17.65,10.69
10.08,17.65,17.24
10.08,17.65,13.68
10.08,17.65,10.47
10.08,17.65,11.52
10.08,17.65,15.12
10.25,18.02,15.89
10.08,17.65,11.44
10.25,18.02,15.71
10.08,17.65,13.85
10.08,17.65,15.58
10.08,17.65,15.22
10.08,17.65,15.75
10.08,17.65,14.47
10.25,18.02,16.17
10.25,18.02,17.17
10.08,17.65,15.95
10.03,17.63,13.68
10.26,18.02,10.61
10.26,18.02,14.76
10.26,18.02,17.27
10.03,17.63,13.42
10.03,17.63,10.28
10.03,17.63,11.39
10.25,18.02,17.78
10.03,17.63,13.09
10.26,18.02,14.99
10.03,17.63,14.50
10.03,17.63,14.96
10.03,17.63,12.73
10.03,17.63,17.21
10.03,17.63,16.43
10.03,17.63,17.15
10.03,17.63,10.69
10.03,17.63,16.69
10.26,18.02,12.75
10.25,18.02,16.39
10.25,18.02,14.41
10.25,18.02,15.54
10.25,18.02,15.44
10.25,18.02,15.18
10.26,18.02,10.54
10.26,18.02,12.27
10.26,18.02,14.82
10.26,18.02,13.53
10.26,18.02,14.34
10.26,18.02,15.23
10.26,18.02,14.60
10.26,18.02,14.24
10.26,18.02,14.57
10.26,18.02,14.71
10.26,18.02,12.29
10.08,17.65,11.41
10.26,18.02,13.37
9.05,17.00,10.99
10.02,17.82,14.12
9.05,17.00,13.35
9.05,17.00,10.13
9.05,17.00,10.30
9.05,17.00,10.53
9.05,17.00,10.67
9.05,17.00,12.35
9.05,17.00,10.93
9.05,17.00,16.37
9.05,17.00,11.00
9.05,17.00,13.03
9.05,17.00,11.47
9.05,17.00,12.77
9.05,17.00,12.04
9.05,17.00,12.13
10.08,17.65,10.82
9.05,17.00,10.81
9.05,17.00,13.86
9.05,17.00,13.40
9.05,17.00,13.43
9.05,17.00,13.50
9.05,17.00,13.65
9.05,17.00,13.68
9.05,17.00,10.08
9.05,17.00,15.26
9.05,17.00,14.94
9.05,17.00,13.69
11.17,19.00,18.35
9.05,17.00,14.27
9.05,17.00,14.28
9.05,17.00,14.38
9.05,17.00,14.79
9.05,17.00,15.54
9.05,17.00,15.64
9.05,17.00,12.51
9.05,17.00,13.09
10.08,17.65,16.37
10.08,17.65,14.15
10.08,17.65,14.39
10.08,17.65,14.65
10.08,17.65,15.04
10.08,17.65,15.40
10.08,17.65,15.50
9.05,17.00,12.28
10.08,17.65,16.02
10.08,17.65,11.46
10.08,17.65,17.04
10.08,17.65,14.68
10.08,17.65,13.01
10.08,17.65,12.86
10.08,17.65,12.83
10.08,17.65,12.04
10.08,17.65,13.67
10.08,17.65,15.68
9.05,17.00,11.17
9.05,17.00,12.54
9.05,17.00,12.62
9.05,17.00,9.92
9.05,17.00,9.80
9.05,17.00,10.04
9.05,17.00,9.32
9.05,17.00,10.22
10.08,17.65,11.14
9.05,17.00,10.78
10.08,17.65,14.07
9.05,17.00,9.98
10.08,17.65,11.85
10.08,17.65,12.42
10.08,17.65,12.25
10.08,17.65,12.03
10.08,17.65,11.54
9.05,17.00,11.72
9.05,17.00,10.50
6.95,14.92,13.10
6.95,14.92,11.92
6.95,14.92,11.86
6.95,14.92,11.76
6.95,14.92,11.63
6.95,14.92,12.23
6.95,14.92,10.75
7.78,16.02,8.47
6.95,14.92,9.78
6.95,14.92,14.44
6.95,14.92,8.88
6.95,14.92,14.34
6.95,14.92,8.86
6.95,14.92,8.05
6.95,14.92,11.23
6.95,14.92,12.86
6.95,14.92,13.44
6.95,14.92,9.11
6.95,14.92,15.37
6.95,14.92,8.14
6.95,14.92,13.12
6.95,14.92,13.14
6.95,14.92,13.17
6.95,14.92,13.80
6.95,14.92,14.15
6.95,14.92,11.72
6.95,14.92,12.06
6.95,14.92,14.03
6.95,14.92,9.90
6.95,14.92,15.39
6.95,14.92,9.80
6.95,14.92,12.91
6.95,14.92,12.90
6.95,14.92,12.62
6.95,14.92,12.44
7.78,16.02,11.28
6.95,14.92,14.58
10.02,17.82,10.27
7.78,16.02,14.67
7.78,16.02,13.09
7.78,16.02,12.96
7.78,16.02,12.71
7.78,16.02,14.52
7.78,16.02,13.38
6.95,14.92,13.07
10.02,17.82,11.69
7.78,16.02,9.89
10.02,17.82,13.09
10.02,17.82,14.51
10.02,17.82,15.65
10.02,17.82,13.56
10.02,17.82,16.66
10.03,17.63,15.79
9.05,17.00,16.96
7.78,16.02,14.55
7.78,16.02,12.68
7.78,16.02,9.52
7.78,16.02,9.29
7.78,16.02,12.35
7.78,16.02,14.57
7.78,16.02,12.78
7.78,16.02,13.15
7.78,16.02,13.36
7.78,16.02,14.91
7.78,16.02,14.48
7.78,16.02,15.30
7.78,16.02,14.69
7.78,16.02,15.27
7.78,16.02,12.43
7.78,16.02,14.40
7.78,16.02,15.51
7.78,16.02,9.63
7.78,16.02,13.07
7.78,16.02,12.62
8.78,16.99,11.45
8.16,16.17,9.74
8.78,16.99,11.12
8.78,16.99,10.34
8.78,16.99,9.42
8.78,16.99,8.89
8.78,16.99,10.47
8.78,16.99,14.05
8.78,16.99,12.43
8.78,16.99,15.26
8.16,16.17,10.19
8.16,16.17,11.61
8.16,16.17,15.24
8.16,16.17,16.13
8.16,16.17,14.89
8.16,16.17,12.11
8.16,16.17,16.09
8.78,16.99,10.92
8.78,16.99,16.35
10.03,17.63,13.66
10.03,17.63,13.72
10.02,17.82,10.11
6.95,14.92,14.36
10.03,17.63,11.69
8.78,16.99,15.21
8.78,16.99,13.25
8.78,16.99,14.61
8.78,16.99,15.32
8.78,16.99,10.07
8.78,16.99,9.04
8.78,16.99,16.22
8.78,16.99,16.20
8.78,16.99,13.93
8.78,16.99,16.35
8.78,16.99,15.90
8.78,16.99,15.76
6.95,14.92,10.72
6.95,14.92,14.97
8.16,16.17,14.24
8.16,16.17,14.28
8.16,16.17,14.92
8.16,16.17,11.80
6.95,14.92,11.69
6.95,14.92,11.59
6.95,14.92,14.74
6.95,14.92,14.71
8.16,16.17,13.05
8.78,16.99,14.74
6.95,14.92,10.53
6.95,14.92,10.19
8.16,16.17,8.97
6.95,14.92,15.03
6.95,14.92,14.44
6.95,14.92,12.16
6.95,14.92,11.40
8.16,16.17,11.65
8.16,16.17,15.65
8.16,16.17,13.43
8.16,16.17,12.34
8.16,16.17,15.58
8.16,16.17,12.14
8.16,16.17,12.06
8.16,16.17,9.67
8.16,16.17,14.22
8.16,16.17,10.90
8.16,16.17,11.77
8.16,16.17,12.97
8.16,16.17,11.94
8.16,16.17,12.59
8.16,16.17,12.52
8.16,16.17,12.57
8.16,16.17,13.03
8.16,16.17,10.29
